user_id,product_id,user_rating
A2JW67OY8U6HHK,1,5
A2VE83MZF98ITY,1,5
A11NCO6YTE4BTJ,2,5
A9CQ3PLRNIR83,2,4
A13SG9ACZ9O5IM,2,5
A1BDAI6VEYMAZA,2,5
A2P6KAWXJ16234,2,4
AMACWC3M7PQFR,2,4
A3GO7UV9XX14D8,2,4
A1GIL64QK68WKL,2,5
AEOBOF2ONQJWV,2,5
A3IGHTES8ME05L,2,5
A1CP26N8RHYVVO,2,1
ANEIANH0WAT9D,2,5
A3IDGASRQAW8B2,3,5
A2591BUPXCS705,4,4
ATVPDKIKX0DER,6,5
AUEZ7NVOEHYRY,6,5
ATVPDKIKX0DER,6,5
AJYG6ZJUQPZ9M,6,4
A2ESGJTTLJWIAK,6,5
A2CHULHAO3A9BY,6,5
A3BNWP7ATVP045,6,5
AVOQ12GBXJ3F,6,2
A2NJO6YE954DBH,6,5
A393PYR83LT7R8,6,1
AVY10FEFM6OBC,6,4
A2OSPW11FVXTU6,6,4
A32Z5HQGTG5V49,6,4
A2WSI8HOWHFDOT,6,5
A3BGC9MSXGM0WH,6,4
A1IU7S4HCK1XK0,6,5
A30JTDN020MAJB,6,4
A2O3PW57IFNUHV,7,5
A3FNRL9QYZOBDH,7,4
A3SWAHVVHVPKWZ,7,5
A2F1X6YFCJZ1FH,8,5
A1OZQCZAK21S6M,8,5
AL5D52NA8F67F,8,5
AVFBIM1W41IXO,8,1
A3I6SOXDIE0M8R,8,5
A3559TE3F9RRNL,8,5
ASPUU0H77LFXG,8,5
A3L902U49A6X5K,8,5
AL5OEDM8TPTKV,8,5
A1R64WON03GTN4,8,5
A2WKESDGF2YC8S,8,5
A71P2O8OMF8GY,8,5
AB8HLDYSDI5M7,8,4
A37FDCXZLI0MAC,8,2
AQE41QO3NEUMW,8,5
A2RI73IFW2GWU1,10,4
A1GE54WF2WUZ2X,10,5
A36S399V1VC4DR,10,4
A280GY5UVUS2QH,10,3
A2YHZJIU4L4IOI,10,4
A1MB83EO48TRSC,10,4
A2A1TNBFJNRADP,11,5
A2V9UBVMQFDV20,12,5
A3NXQLHXJZO5FB,12,5
A1RNV50D6DNE42,12,1
A3FVNS48MY8L32,12,5
A1WC6GEAVET9K8,12,5
A1PH1HGK2HFQ9G,12,5
A1DOK8OJ386KDS,12,5
A1E4FW0F5R7TOY,12,4
A14OJS0VWMOSWO,12,5
A3UDEP0MTKLLL2,12,5
A19UTUEBWKIZFT,12,1
A35X1EMOVF90JG,12,5
A2IGOA66Y6O8TQ,15,5
A2OIN4AUH84KNE,15,5
A2HN382JNT1CIU,15,1
A2FDJ79LDU4O18,15,4
A39QMV9ZKRJXO5,15,4
AUUVMSTQ1TXDI,15,1
A2C5K0QTLL9UAT,15,5
A5XYF0Z3UH4HB,15,5
A2C4FHNHVRR8JZ,16,5
ATVPDKIKX0DER,16,5
A1XPCHKIFECW33,16,4
A17VTMYNK7FHHG,16,5
A331OF34UX4Y1K,16,4
A3KMI0ZF739BW5,16,5
A26BWRBPP4V2WF,16,4
A3AAX9AO0CIFBI,16,5
A2DOKCCVTGTAE2,16,5
A1BVYFPZ0ZAYYV,16,3
A3DMU8D8N76WRH,17,5
AH1H2DBKZ8WFA,17,5
A3S1M10UPEQ3ED,17,1
ATVPDKIKX0DER,18,5
ATVPDKIKX0DER,18,5
A21F29TO32JOU5,18,5
A37S91N4IX72W2,18,5
A1SXWD2D3W3TXK,18,5
AKMBV0IV5WIC5,18,5
AKMBV0IV5WIC5,18,5
A3QSUZVVNYZZ7L,18,5
A1HNKSWGRW0YKB,18,5
A1HNKSWGRW0YKB,18,5
ABSIJ0Q8N0VKP,18,3
A388KDPHUB94V3,18,5
ATT0FBIM6YNX7,18,5
A1LFRJ3CSQFCI6,18,5
A1UPGL67SKBSPJ,18,5
A1RLXSCKKMI4KF,19,3
ATS7LYGLUX34L,19,5
ATS7LYGLUX34L,19,5
A3DQ6L24TOMXAZ,19,4
A3M6J4CTJ13QBX,19,2
A4JP4T1F95D0A,19,2
A2S166WSCFIFP5,19,4
ADC571K8L3ZLN,19,4
AWHGCJOOZBTB5,20,5
A3D0FUIHSMCHXG,21,5
A106FE8HPE6LK6,21,4
A1Y6LC4JFBCGZN,21,4
A2A1EHOGR8MW0I,21,5
A3I7CRNHGZVWXP,21,5
A2GEKIVHR1VSHQ,21,4
AKQV65L3TAIW8,21,5
ATVPDKIKX0DER,21,5
ATVPDKIKX0DER,21,5
A2MOT9BXC3C6H2,21,5
A2003P5YJPPC6P,21,5
AWQXPWBP93Z4K,21,5
A11XDEU9VOOWYN,21,5
A3J953WDIBQX63,21,5
A13JXEPCPXNUCI,21,5
A1928PHI4RBCQ9,21,5
AFZLD0HDJVJUJ,21,4
AQXLBK2CDW2DP,21,1
A1H2SCAYWQLMC0,21,5
A1RPTVW5VEOSI,21,4
AIMBOX2T0HV1H,21,4
A1J3HK3IPLHOJ3,21,5
ATVPDKIKX0DER,21,5
A3NGH3DOKQFCWD,21,4
A3LFRQVRXBTNCG,21,5
A31HYO7EOTZG1Y,21,5
A8473S963WDUZ,21,5
A1L7G9JSLCY384,21,5
AXY18W5QMN7UV,21,5
A2X666IM8DP7PH,21,5
A96DHMTN072M1,21,5
AH64IJELQ4PJN,21,5
A39ABH4E0APOG3,21,5
A2X44DD1TN0P13,21,4
A2AML5BI49ST3F,21,5
AES0JMK0KYYHI,21,5
A16VWWB8G00EPV,21,4
A1BWHXTFOVF9CY,21,5
A1UVMG7COVPLC6,21,5
A2RFZ21T1WOLID,21,2
A2KFUFXQ1YTWNT,21,5
A14QW3EMN8PBZV,21,5
A14QW3EMN8PBZV,21,5
A20EEWWSFMZ1PN,21,5
A22IK3I6U76GX0,21,5
AU8552YCOO5QX,21,2
AA5ELPH4F7AIP,21,1
A324LH8S4C8U4W,21,5
A2D9IEFJGB483Q,21,5
AEXTGSES7BVSV,21,5
A1RT82AIQFRRQS,21,5
ARFBRSE35ZJ6A,21,4
A2ZYH9XRO507OB,21,5
A3HPOCPJJQNMWN,21,5
A3LFZOAGD8JTE9,21,5
A20IOTRKF4YRM7,21,5
A1BRXLFWILNICE,21,5
A3VXU7BEE97UUG,21,1
A2B8DJ0CKN9FAO,21,5
AGOG7P9R8NZ7T,21,5
A3ICHEO78NFE4Y,21,5
A2D75DJ707PFI9,21,5
A92LD431P843F,21,5
A2YD21XOPJ966C,21,5
A1HY9XRPW8N2HN,21,4
A1J2931UBBJPXM,21,4
A13PCJSIRWAKHE,21,5
A2WZ1B92F81LJJ,21,4
A3UF0YWSR4I2HL,21,5
A25JH6CO4DVINS,21,4
A106FE8HPE6LK6,21,4
A1T0Z4J5PPLTC7,21,4
A24FSR37TN4MSF,21,5
A3NOIRVMZQEBQ9,21,1
A1APMHP8DPIS3G,21,5
A3RRBPUGD7UOSP,21,5
A1GGHFJL5TSU5J,21,5
A2CXT3A901DGMP,21,4
A2W00XKTTF1G0Z,21,5
A31RM5QU797HPJ,21,4
A2IMHV5ZARXIDR,21,5
A3P121GNV5QYIN,21,5
A3P121GNV5QYIN,21,5
A3O2RCKAMSE9X7,21,5
A13JQOKQVCMN9U,21,5
A27QZDO1FRRFCV,21,4
A3439X75UP0Q3G,21,4
A1I7GHG2XNYO3J,21,5
A3D550GH0U6T5C,21,5
A2RD0B8LLOSMCQ,21,3
A2SGR7LE899LGG,21,5
AYPCUQS6ARWFH,21,4
A2XLGLF0V4O7JD,21,5
A2KVUYPLEW4LXT,21,5
AJYGQV81FSFE2,21,4
A1SWK29E1MZHI6,21,5
A2NJO6YE954DBH,21,4
A2AOZQ3WTNVVOK,21,5
A3CS4JXY9KJ5G5,21,5
A3DSU63A9Z43KN,21,5
A10DB0H2NZF11E,21,5
AAYW1H4SMNOI,21,5
A1J83NE4U6IL7,21,5
AW1GHENIL5V5G,21,5
A2SGR7LE899LGG,21,5
A1HVZ0569ZHZW9,21,5
A2Q13PHEXGR48Q,21,4
A3N9CZ1RK4OTYE,21,4
A2QA095LQPDBJD,21,4
ALWB64XOXNMDP,21,5
A9UU8OR0TBMHE,21,5
A8PZDIAF0NTIS,21,5
A2OVUDBRWGX0LL,21,4
A2ZSC81MXLBELX,21,5
A2CKARIIFUAOP0,21,5
A3UO0OJYKEL0QN,21,3
A3ASR7JA7MPKW4,21,5
A13PAFCVMB1DV8,21,3
A3W18T2ITHXW5O,21,2
A1BVV2K1BKGPD5,21,5
A3LZGLA88K0LA0,21,5
A2RRCZLVCA7A7,21,4
A17U4YXN5G7UAP,21,4
A3160YSU1KRL8E,21,5
AIOXMENE1HBR7,21,5
A3FITKYQQYGRXG,21,5
AAECAHBNP1VD2,21,4
A2JV8PH4NGQPJ6,21,5
A1P1T0PFD4F0VS,21,5
A1JY13815273PS,21,5
A3BSL4PQKPH3SQ,21,5
A3JPPR6JT75N0E,21,5
A2K3U6DVQQRES3,21,5
A286G67EK7Q1WD,21,5
A26TSW6AI59ZCV,21,5
A26TSW6AI59ZCV,21,5
A1Y87E22UVYCE6,21,5
A25ZVI6RH1KA5L,21,5
A30TK6U7DNS82R,21,5
A3ADUOVTY3TIRU,21,5
AAM7TSZHVVCAL,22,4
A33Z7JTV7SSW9Y,22,3
A1LVL0G0QNPAGI,22,5
A17T39AXANC7S,22,5
AA90ANPKJB452,23,4
A382XQ7SYXEW1Q,23,2
A12MOYPCEJUGW6,23,3
ATVPDKIKX0DER,24,4
A1VFKMHY42W2O3,24,5
A3293YQUH9SFNJ,25,4
A2G358G53L7W5E,25,3
A1SMZFT2R1QBRW,26,4
A1J0UKHJCBDLBE,27,4
A3EFCK0HZQPNQI,27,2
AGZ20ROFY4740,31,5
AKXAJRF2AKZOH,31,5
A2I9I77KMEBA4S,32,4
A1ANWZQ24OC744,32,5
A2NF3S0T3TRSMW,32,4
A1GAUV5YKHWDWI,32,5
A3NHBZ7KZA75YV,32,5
ATLOWYOXIYLT5,32,5
AN2IZT80ZUNJN,32,5
A3OIVL0JOA7OEK,32,5
A1WZQJW5SILMKS,32,4
A29LTLDS2ZLTUU,32,5
A20IIR0422G3A5,32,5
A3UN6WX5RRO2AG,33,5
A1P2QBVLWTN7JP,33,5
A3UN6WX5RRO2AG,33,5
A2IV3J5RP4MER2,33,5
ATVPDKIKX0DER,34,5
A1Z5TNULKBBUQ2,34,3
A36EDWL4F3AASU,34,4
A3EZ2PLA8AFPIF,34,3
A3464G00K8ZYD1,34,5
A34EI1D3650V27,34,5
A2DYLAEL90LIKD,35,4
A3OJAWIMUKNHTP,35,5
A36MQW22BD8LJU,35,5
A3R7JTZHD4JL3J,35,3
A4H4KYSM2KQ85,35,5
A1791R558AL0W3,37,5
A2CFI1ERHLB1RJ,37,4
A1BBDOXVK6DL7S,37,1
A7CQUTUQLSVES,37,5
A2Q1OKRYX8STDP,37,5
A3L5965NY9SJAX,37,1
A1QZK8UQHYN89U,37,5
A1BHC7EOK7NBZP,38,5
A1RD3YPSB9RP5X,38,4
AK81WLVD5KGUX,38,5
ATVPDKIKX0DER,39,5
ATVPDKIKX0DER,39,5
A189DVDWB4O8DI,39,5
ATVPDKIKX0DER,39,3
A36LQ6YO8HKHZT,39,1
A1YI1ZTJY81UEL,39,3
ATVPDKIKX0DER,39,5
A2K62BXZH3QJX9,39,5
A37YGFDEME1FC5,39,1
A1X4MP1TV1SICV,39,2
A3J8QBBRL46I3G,39,4
A2PBWHRZ5LDMB2,39,4
A3OWQALP4WBX3,39,2
A1TORR3I04X1E4,39,5
A2WODBTSVEKOI,39,2
A30J0F40NNYKEQ,39,5
AOUJJ4ENAEUD9,39,2
A6M0811ZCQMSC,39,4
AV7OIUTLDFZR0,39,2
A37CXU92U7FYJH,39,4
A2D7X9N3IV3S7B,39,2
A3VREOCVARPZRM,39,5
A1R4KVFUPXWLAX,40,5
A1R4KVFUPXWLAX,40,5
A3ULZJKFNGC1A3,40,5
A1BLR2FONEIXK7,40,5
A1RAEJT0EYUVP2,40,5
A3US58LHHTPQAG,40,5
A3US58LHHTPQAG,40,5
AYTP0O6GUC14C,40,4
ATVPDKIKX0DER,42,5
ATVPDKIKX0DER,42,5
A2LM7RE5F1P0L8,42,5
AUUK6B3SVST4B,42,4
A2R3FDDGZG7K9E,42,5
A1K548TDR33DMN,42,5
AYRNJNRVQF7MA,42,5
A21FBLLPSKY2V2,42,4
A33EW6QSGTGQ4D,42,3
A3ORIJSCN4CS66,42,4
AFOK05KDCHSHL,42,2
A9U1ZILPIOEFH,42,4
A3UE48FJ4CHIJF,42,5
AOTWJS0AJHHWY,42,5
A2YP4457Z0U6S4,42,5
A30OND5T0XOA6F,42,1
ABICMG56FAW08,42,2
A3LD9XW7N5ORG7,42,4
A2QZQA4BEMVM3W,42,5
A21VK7VI22FCL2,42,5
A16CZRQL23NOIW,42,5
A3RSKSWADQ82C0,42,5
A2KWHKLC2AYAB2,42,5
A2XVFH3ZLZCLQ2,42,5
A3FWZ99GUDAJ3L,43,4
AHD101501WCN1,43,5
A3VIQXWZ00FM6E,44,5
A3L6P4DGHSP9PC,44,4
A2DYJR90XLQ6PY,44,5
A2E0CB9F9BMXUJ,44,2
A1TEZARFTKHG29,44,4
A16DMCKV9RMQGI,44,5
A3DM6UGX44NJ9K,44,4
A2WTB8WJN31OH6,44,4
AWXH63WE2TL2S,44,5
A2GUHUNN4X6M5Q,44,5
A2SKPM0H369TGN,44,3
A1EMDSTJDUE6B0,44,5
A2UM0CAKYNUQKY,44,4
A2M33CL7LTK7R1,45,5
A1Z55JMTYAYE8Q,45,3
A2K0JZN74WFCYO,45,3
AXUGBW2MAZ10Y,45,5
ATVPDKIKX0DER,47,5
A67Y4D0ULUK50,47,5
A7Z0EU5H4MEQF,47,5
AY5IRCVSAB5AR,47,5
A21YWWE6QOL810,47,5
A1Z6QIRIRQA4JR,47,5
APESLR7SYVZR9,47,5
A15ZTKFY3H6FO8,47,4
A23AJFDNWT0RJN,47,4
AG02TWXF4MBG0,47,5
A3711ET9XQ8BKP,50,5
A27UESD24JLMC7,51,5
A1JYZL5JL6A9JE,51,5
A2KOVRE9AEFRIW,51,4
ATVPDKIKX0DER,51,1
A1MT8GA1PWS6OQ,51,5
A16H5HMW6NBMLY,51,4
A3BTDM4SYY7KM1,51,5
A270U23VM3BK75,52,3
AQSAUKLDY9HG8,52,5
A1RVFC6XW38Z7X,52,3
A954YZXP16G6F,52,5
A15AYFRMBYCQFT,52,5
A35WEFW2XENAH8,52,5
A2MENII2EKMCQZ,53,5
ATVPDKIKX0DER,54,5
ATVPDKIKX0DER,54,5
A2EUDRC2ZFDGHX,54,5
ATIELKSQU2A4V,54,5
A3UN6WX5RRO2AG,55,4
A2SKMDEWRJAZ07,57,1
ARG3LJ4U41ZX,59,5
ATVPDKIKX0DER,59,5
A1AXDPUTA9V3U7,59,5
AYRDHOZM1GYXU,59,5
A34D9Q0JTF7N7K,59,1
AVAK1DJCNUFB1,60,5
ATCM0QLA5R2LE,60,5
ATVPDKIKX0DER,63,5
A1M3DZRGBV06MV,63,5
ATVPDKIKX0DER,63,5
A30OC10JLSPBPQ,63,5
A1VUK87IQQ7P16,64,2
A2IMNFWAU6X3OJ,64,2
A96K1ZGW56S2I,64,5
A25KKXUQQ0OLWB,64,4
A10EH95EUDO9W3,64,3
A1NVP5T1IWC897,64,2
A1A9EKSA54WLSX,66,4
ABN5K7K1TM1QA,66,4
A7GSGC0G8R6PW,66,4
A2O2CKQ31ISL80,66,4
A1ABU5ELQQGNX6,67,5
A1AS0CP6B03VQN,68,5
ATVPDKIKX0DER,71,5
A1G9IV3IBW8WMP,71,5
A3R2M6DGECQOO,72,5
A3DHHQ2NGXOUAH,72,5
A13OWJOBS7Z90I,72,5
AEPMTJ3IKIFC1,73,5
A254R1T0K6CLP6,73,3
AT8EFY0DXT7UT,74,4
A2NYK9KWFMJV4Y,74,4
ATVPDKIKX0DER,75,5
ATVPDKIKX0DER,75,5
ATVPDKIKX0DER,75,5
A3J8CSV0X3DBRF,75,5
A9D8VW6KQD8O,75,4
ACCD886V4038J,75,5
A1J5XKY649DQF5,75,4
AYTTBFL34EVAD,75,5
AHDBEIR9YT1QB,75,4
A9ENI0XYC8D5V,76,2
ATVPDKIKX0DER,76,5
AFVQZQ8PW0L,77,5
A3MUJDPC7D1NUQ,77,5
AZNH6NRP6PVYR,77,5
AP9A8TDKR7J0L,77,5
A4HELS2BLD8B3,77,3
A1OJZTKVC9S108,77,5
A17XO9W1VDXNXW,77,5
A248BODXPA8T3W,77,5
AX1TW56QZFTBM,77,5
A3RPC8MTE5QALK,77,5
A18ZMKYLOI3EAM,77,3
A3R6E2ALRIDNIA,78,5
A3FQJ2QCL31JDU,78,3
A14FQB72UBJQSD,78,5
A385S3LG1PNN9Q,79,3
A2YEDXP95DV30E,79,5
A1SLZ560SVRJNY,79,5
A3X04KYDPLMZU,79,4
ALSH7LB5K18GU,79,5
A1UYCXUDL814XB,79,5
A2ANZOPYHYWH44,79,1
A1PTDSN30I534Y,79,5
A33MGG0ZGPI79S,79,5
A33MGG0ZGPI79S,79,5
A3VQ12Q54BVGI6,79,5
A6L2KLEPT7A5B,79,5
A33VWOTXYD2NR9,80,5
AUT0MDXDIOX17,81,5
A1RNDOQS14QZQB,81,2
ATVPDKIKX0DER,81,4
ATVPDKIKX0DER,81,5
A10BCEZ9NP21PP,81,4
A1X00Z12CW7DJ0,81,5
ATVPDKIKX0DER,81,1
ATVPDKIKX0DER,81,5
A2LN99GI4OBDEP,81,5
A20WKGBDKUIZOZ,81,2
A32ON6UV0D4R94,81,5
ATVPDKIKX0DER,81,5
A2736CHF0SS3L8,81,2
A1O40PJC4U0J4Q,81,2
ATVPDKIKX0DER,81,5
ATVPDKIKX0DER,81,3
ATVPDKIKX0DER,81,4
A1XFCNX4GD4XK0,81,4
A2YQVUW2P71FT4,81,1
A2ICK1MF71Q8A9,81,2
ATVPDKIKX0DER,81,5
ATVPDKIKX0DER,81,5
ATVPDKIKX0DER,81,3
A1YTPPKN4ZXI6M,81,5
A2RXAYXF97S4IR,81,4
ATVPDKIKX0DER,81,4
ATVPDKIKX0DER,81,4
A3HACSQO6Y6YOX,81,5
A11G8H5ONWAOUK,81,4
ATVPDKIKX0DER,81,5
ATVPDKIKX0DER,81,1
ATVPDKIKX0DER,81,4
A2VKGFPYI51G1I,81,5
ATVPDKIKX0DER,81,3
A1K1XWZP9YYIIJ,81,1
ATVPDKIKX0DER,81,1
ATVPDKIKX0DER,81,4
A2RZUNUEJ9BGMP,81,5
ATVPDKIKX0DER,81,3
ATVPDKIKX0DER,81,4
ATVPDKIKX0DER,81,2
ATVPDKIKX0DER,81,5
A2XXE9S4XPPDE1,81,5
A3N3SN2DDD4HCJ,81,4
AV7ATN4TN8AQT,81,3
A34KBX6VF28QYN,81,3
ATVPDKIKX0DER,81,5
AOUMU4SENVAFA,81,5
AG65V3LSYO191,81,5
A349UESOY8XSUQ,81,3
A3VOVOJ78T1FYY,81,5
A1Y37HNNB6XMN8,81,5
ATRYT5ZKNLN9C,81,5
A11NH0A73VNNA6,81,5
A3VLMUKRW1BBUR,81,2
A36WKP9YQXFZNX,81,5
A1ANMG6YDF9RU1,81,5
A1TBZHX23BNA5B,81,1
A3R2YB0WTTB0IJ,81,5
A17A2F7CPIJBLI,81,5
A1L1TJEW0W60E0,81,3
A2R4L2XSML6GPQ,81,5
A32C29HM5ADRT9,81,5
A1HPB3F2IJF6B0,81,4
A1KBI9O68N00IA,81,5
ASSAVTFQJZCME,81,5
AHYPS5FZPVSEW,81,1
A2XFWLFC8TAB46,81,5
A20VFCXL6VGKNN,81,4
A2K5CEWR1KRWEL,81,5
A18BV4O63DOWNH,81,1
A3QDO6WALAN789,81,5
A14OC67MXL92FA,81,3
A84UFSF2SZS2W,81,2
AZ7Z086INX7DQ,81,1
A35LNYJ3TLS487,81,5
AI3PFAMR6RCL8,81,2
A3N3SN2DDD4HCJ,81,5
AP286ZV19SLC6,81,5
A3HACSQO6Y6YOX,81,5
A1KY8HE1WK0SJB,81,5
A2TSX4GQ0VD2BF,81,3
AW04WZ0PGDZX1,81,5
AHIQNPZUXCAFF,81,3
AHIQNPZUXCAFF,81,3
A26H85UF6GX04C,81,4
AG8H7GTT1FVIQ,81,1
ARS5RAHQ3YPO3,81,4
A9LJRWNQTUOR1,81,4
A2O0DY0US172SL,81,4
AYVFNOQHY8P3,81,4
A2TBECX3H8KECK,81,4
A1VJZGMKK1GEFP,81,5
A21DZUYTN019N3,81,4
A1MYCAU03U8J38,81,5
A2FBJK2NDAD5M0,81,4
A1NAGYEOC6ZEHW,81,5
A1NBPUOE3AVMGQ,81,5
A2HWD9PTM7RBXN,81,3
A3P8B155SHRU8I,81,4
AYKELBZM1SH87,81,3
A2NPQZSNUWQIQU,81,5
A1XQCV5734A94Z,81,5
A34DPXEGCFNZF4,81,5
A324EF81MG2C5K,81,4
A3H7HJ8O42U70Z,81,4
AF8C86SGYLH81,81,5
A3FVFJ8D95E9KY,81,4
A1FHTLL52XFC4T,81,4
A15BPLFHIC8Q2B,81,3
A3P1A63Q8L32C5,81,4
A3N3SN2DDD4HCJ,81,5
A3UDHLRG0W516,81,5
A2ZSC81MXLBELX,81,5
AJKWF4W7QD4NS,81,5
A1BMQA5PIZKU1P,81,3
A2D6IGKSOBQ3K9,81,5
A2KCY2HYH0Z59E,81,4
A2NWDY0QMLVQ91,81,5
A3GTZW08HC6UV5,81,5
AP6YKEV6OMYT4,81,4
A23IOPI0D1OG7V,81,4
A3MCC5MAJYJYMD,81,1
ANK68QCUYUVVX,81,1
ABU7I2Z9M0Q5I,81,3
AHAXSPMYZOOE1,81,4
A1TWBU1CK70ZZJ,81,4
A8WP81AJYXZE6,81,5
A82LIVYSX6WZ9,81,4
AD0J5KK4WQXNS,81,3
A3AQMGZ1ILSUIN,81,5
A3027EV9F5IOYD,81,4
AHZSEBTU0H63N,81,5
AHZSEBTU0H63N,81,5
A1H0F2VTGF413S,81,1
A34Y1FT0MTD7C9,81,5
A2E2R8N7UMTLJF,81,4
A3L49ID7CT6JB3,81,4
AUKEWXOCB3OJG,81,2
A1S0B6U13Y0F6N,81,4
A2OTU108PGMULC,81,3
A3R066AGH8FZH7,81,5
A18ICIVGP5AHDP,81,5
A2MVCZUOWQM68I,81,4
A4KZTH3GSO0KX,81,3
A38837VBBOI1OK,81,2
A7U67Y0I0YP5W,81,3
A2Y0KN0D7DJ6WG,81,3
ACFUZ2RPO98RR,81,5
A1IR1HS8EZN0Y0,81,5
A1CZICCYP2M5PX,81,4
AGPXQKTE1TMAT,81,4
A2QH5NMHW1KTJ1,81,5
A289OIN6H65YU0,81,4
A1C5HX8VFTOHDB,81,3
A1ZXYN4QE5JC6T,81,5
A1DU58OZJNPUHV,81,2
A2B73CL3QSYWLB,81,4
A21FQDQINC0TPO,81,5
A1W9F3Z7LZQRVS,81,5
A2GCDZ4TVYF26V,81,5
A1QG4TLIYZRL7L,81,4
ATHR27AE3A2QW,81,5
A2WI7T7MC6VO5Y,81,5
A31KXTOQNTWUVM,81,1
A3ERCYTP5QGGM2,81,2
A1ZKPET0VDG25V,81,2
AC7MP9R2FKEAI,82,5
A9NXOPTNEJ5V9,82,5
A32O4GWGVV9VAG,82,5
AY70SMJSA4MWT,82,5
A26TSW6AI59ZCV,84,5
A3I87VRJY289WM,84,5
A3M1P612OWASN3,84,5
A3UN6WX5RRO2AG,84,5
AVKL7ZOPVXTRB,84,3
AF5SLFH3ZKXYU,84,5
A3UN6WX5RRO2AG,84,5
A2HR0DJG4WMR8R,84,5
A2NJO6YE954DBH,84,5
AXJTNYD3UK1BP,84,1
A3UN6WX5RRO2AG,84,5
A1XYLQ2K6E3QRC,84,5
ABVFIMV7DVWTS,84,5
A3UN6WX5RRO2AG,84,5
AEON0M3DWLVC4,86,5
A3IXUBLMFMWD2M,86,5
A1KDT4RT8OC2TI,86,5
A30EUW1BIDS3P0,86,5
A122FR9N2460FC,87,5
AJ5PNJS2COYU6,87,2
ATVPDKIKX0DER,90,5
ATVPDKIKX0DER,90,5
ATVPDKIKX0DER,90,5
ATVPDKIKX0DER,90,5
ATVPDKIKX0DER,90,5
ATVPDKIKX0DER,90,5
A1G9GVZH03N23Z,90,5
ATVPDKIKX0DER,90,5
ATVPDKIKX0DER,90,5
ATVPDKIKX0DER,90,5
ATVPDKIKX0DER,90,5
ATVPDKIKX0DER,90,4
ATVPDKIKX0DER,90,5
ATVPDKIKX0DER,90,5
ATVPDKIKX0DER,90,5
A15JCAD31CZCVJ,90,4
A2F1QVCAKS1WVV,90,5
A9SC490GQ3GN6,90,5
AHHUNTFQGUGX8,90,5
AXDGHUS4BQIYC,90,5
A3JOUOITG0TJY3,90,1
A1AV32Q6I8M1LX,90,4
A1AV32Q6I8M1LX,90,4
AM1VFW804J5FL,90,5
A22YN3HRTPKZ41,90,5
AL4A3KNUBQ7YN,90,5
A3AAL5TGOW29X3,90,4
A3KXFQQFBPJTQE,90,5
AZONDLSR7STAE,90,5
A36KTKEJTO62D8,90,5
A3PWQXT5QGEKN7,90,5
ACJ023CBVAN9Y,90,5
AYRYIQ7L0SST2,90,5
A222LQEPE7O7BV,90,5
AK4OXXHG0TJ0S,90,5
A39NS429FYXAD1,90,5
A1V8NBMG0PDVK1,90,4
AFT6HJ1ALIWZ2,90,4
A34U6WKGEO82P2,90,5
A1HJXVANT2VUV9,90,5
A17JG1S28DV34R,90,1
A1A87TUBBDPMF0,90,5
A16CZRH9AZVKWW,90,3
ARJSF1TE93H90,90,2
A1N1YEMTI9DJ86,90,5
AZQUJWF2SBRP9,90,2
A3S7ZPW27W0WWF,91,3
A26U34DP9FK60X,91,4
ATVPDKIKX0DER,92,4
AHV3K7PO2QE4I,92,4
A25355094QBR2O,92,4
A1241U6QCSX5YJ,92,5
A2BKCDJ6KOZMFS,92,5
A30Z0RCM2PV86I,92,5
A1S0TB8S4Y7CIQ,92,5
A2BQ8LQQFJP263,94,2
ATVPDKIKX0DER,94,5
ATVPDKIKX0DER,94,5
ATVPDKIKX0DER,94,5
A2R8V33UX51IYV,94,5
A2VJBFR4LR5WQU,94,5
A3TQASOYSWW9UT,94,4
A17ZJT8NYBJIF7,94,3
A3RWCDIJCKTJ7U,94,2
A2SDTN3JOLPQAH,94,5
A2Y2HA9LBALLHI,94,5
A2L5VCE6PNZ3NH,94,2
A13OXRI11JEXJM,94,5
A1LOGDMSA58CGS,94,3
A2D7CU1HRKVK6G,94,5
A246ZWI8Q8B7L5,96,5
ATVPDKIKX0DER,96,4
A1XLGBJKD3O3WH,96,5
ATVPDKIKX0DER,96,5
ATVPDKIKX0DER,96,5
A2OPJ554PLP1IB,96,1
A3UEILAUF8JKEH,96,5
A3EW4XIHSXIXR9,96,5
A3UEILAUF8JKEH,96,5
A1JALM8EIWADRP,96,4
A1QWJX5S78BA7F,96,5
A3N6QTOHOWCIQX,96,4
A2WNM4P9O2QLRK,96,5
A2Z5QFOH3Q9TK9,96,1
AS28WVBBZ3G99,96,5
A1SO20SUWGDR2Z,96,4
A3VNTGPCP3MLD1,96,4
A1X3WPFHTUX3UX,96,2
A62GB7HSDY08J,96,3
A2YI3SU5THQUQZ,96,4
A2SPXMNUWDNNS0,96,3
A668L1Y33KKD3,97,5
ATVPDKIKX0DER,97,3
A1XSKZN07IG780,97,4
A399OIST9JM8H9,97,5
A1AV32Q6I8M1LX,97,3
A3KY46BJAF8IPK,98,4
A3KY46BJAF8IPK,98,4
A3Q03ZZ8UUGFD7,98,4
AKT8TGIT6VVZ5,98,4
A2RCQ5ICVROVEQ,98,5
A1JWSDDIH5Z7DV,98,4
A3PWNUCVK5TZ5V,98,5
A3CFR166SQ756L,101,5
A3QK3DRVQ3ZJZL,101,5
A3VMCKYN22X0CO,101,5
A10Q0X7V0DUJ5I,101,4
AAF5PEMY7R49Y,101,5
A10Q0X7V0DUJ5I,101,4
A2VWFKCBXT7OWT,101,5
A21R8VX2Q5NUSU,101,5
A25E44CFFC4B7T,101,5
A1B89BLL8GSL0U,101,4
A1N4DE3G7GRGIJ,101,5
A2Z8XDCPPTRX7L,101,4
AI29CC7ZJFTTX,101,5
A2PKU0R1QOSF9Y,101,5
A36L3C0523V6I7,101,5
A125JLUMUG421N,101,1
A3JUHQBH33TGCC,101,5
AD75L9NG2CN5M,101,5
A1OJJ15O6ISP0H,101,5
APRJLUJPCYBRV,101,4
APRJLUJPCYBRV,101,4
A32HA459KK2AMC,101,5
A27DDOKB5OXKU1,101,5
A22UXG4ZRR6VBN,101,5
AA5BUXISE86QV,101,1
A1J7PXT8C9VGF5,101,5
AXVPCCXX0ZTVQ,101,5
A2TLXW6Q3BB7KB,101,5
A27EXJG596ZV0K,101,5
A29XLXNFF3M7NK,101,5
A2K6NOPBVWANES,101,5
A3EMVWC5DC7B00,101,3
A2S6BNWW7Z7Z3C,101,1
A293FJWCBYNE09,101,4
A2J77OWWK34NB4,101,5
A1XY3SJZLJIXSI,101,5
A92DZY1OJ9YQP,101,5
A3P3UOHYBFRGJN,101,5
A2EYCL2ZT0PSTX,101,5
A16WXMD0IZ7G8U,101,5
AUGABW5AS2OXM,101,5
A27BY97QQS36V3,101,5
A2D6MAFNR3THKZ,101,4
A3ILH24N6IQB42,101,3
A30H2335OM7RD6,101,5
A2F3M93RRLFQNJ,101,4
AAC89TDQMA389,101,5
ALD1CRUBY1365,101,3
A2WJHW0U2OW79L,101,5
A29EW6FITI2SS4,101,4
A3U17P6CSBOTCD,101,5
A20Z5TZ9XZWFTU,101,5
A37XA4SI5GPPZD,101,5
A3LRB5BYB2WKRU,101,3
A14DEZUSA749R8,101,1
A1U0YQHNMT7WUG,101,3
A1AG3MZPK25F23,101,1
ACR3EJXI1I5BT,101,5
A2U0DKQPZSD50Y,101,5
A3RV3OSG41OQPQ,101,4
A3D6889J8IFFMH,101,1
A2F1P10GGZ7K2T,101,5
A1CHIZVZOBPVBZ,101,3
A2V21CBA990VCU,101,3
A3KNJ386MRBPZC,101,4
A1TL2Q093683O9,101,5
A1BNLS95F0DFF7,101,5
A3ODGDDQOW0OPQ,101,3
AYSN0J8XHRWG,101,4
A1AW2MLJMY3TZ2,101,5
A3TZIECCRFM404,101,2
A28SRJ5P2O0CYK,101,4
A18YY3ZONN7QEP,101,4
A1PSXETJWC0W4L,101,5
AKUFY58ZRM9AD,101,2
A21MRBA79EAL65,101,5
A3M8S6H1C97RME,102,4
A3M8S6H1C97RME,102,4
AIHBQOLYN8ISC,102,5
A28P9RTDDBC9YW,103,4
A30851RPTL4ORK,103,5
A397B1P9U345GO,105,4
A1MLLI1GQXE8D7,105,1
A3S826C68RQPZ9,107,5
A36HV1RBS0EZNI,107,3
A1FN4GVEW1FEX4,108,4
ATVPDKIKX0DER,109,4
ATVPDKIKX0DER,109,5
ATVPDKIKX0DER,109,5
A1A5M0U25QRZ5P,109,5
A1454RLY3BR0YM,109,5
A2ZJJG3KZNRFB0,110,5
AILIYMYLWCZXW,110,5
A2O84TDUG9EJC3,110,5
A2W9YG05095AMU,110,5
A2E5XBL5WVX39N,110,4
A208LAR7NCPPDB,110,1
AEODQJKFYQ7MF,110,5
A2Y50M0AST17XL,110,1
A2O84TDUG9EJC3,110,5
A1TXD4O7Z15FY4,110,3
ATVPDKIKX0DER,112,5
ATVPDKIKX0DER,114,4
A2ATWCWOZDWKGA,114,3
A3V189I4JE50MC,114,1
A3942MCO22TXMZ,115,5
A2CHI9RO0OEO0Y,115,5
AKR80W6KW79SR,115,5
AH3N5FCIHBTSX,115,5
AFVQZQ8PW0L,117,5
A3MA2E9KP3PEZL,117,5
A25SOFZEHKFBTM,117,5
A2AFUOD2OYRB23,117,3
A1EXJJQMOWNAUY,117,5
A2VQTEO33Q3KLV,117,4
A2J5ORXCF9VHO3,118,5
ALK609H2CG34N,119,5
AJM7A2G5M5J7W,120,5
ATVPDKIKX0DER,120,5
A3A7S55GT1BEV6,120,4
A2T958F531K316,120,5
ATVPDKIKX0DER,120,1
A2L918G1E0KGD1,120,4
ATVPDKIKX0DER,120,1
A23ET8C63IXFG2,120,5
A1HSXLPG0SXL18,120,5
A34PUCLNFN62D3,120,1
AP2YOR9CRN1ZL,120,5
A2VH02VOG7AW3V,120,5
A20FV0274HTO6L,120,5
A2R6BES0ZDGX80,120,4
A3QIRAAM0DLFDS,120,5
A192TXWH9P81V5,120,4
A1L2NV5LZX7ER2,120,5
A2X54VLUUXJFY6,120,5
ACPDMWMS8LKQX,120,1
AFRSTF9FDBSVA,120,5
ADFDGA1JUTJNO,120,4
A34WLHY06FVBKP,120,5
A237036C9E21J6,120,5
A3NNKUPM8IUR54,120,4
AUCXZKXM3M153,120,1
A3HPNZYNRAH2XU,120,3
A3201SGKC2IXYI,120,5
A37XIX4XGKK8X8,120,5
A26MNP70AWDX23,120,2
A2BCMUP4GLLI16,120,2
A2Z4KA3EFQWZOX,120,5
A2X055616SKBY9,120,4
A3KV6TFH8F9FD7,120,5
A2531YUGRPORO3,120,5
A3IPNX3AJUY5JO,120,5
A3IPNX3AJUY5JO,120,5
A3IPNX3AJUY5JO,120,5
A3UMTD3ZWWFM3X,120,4
AZN16GIKMP1IH,120,5
A28U80Z0NRUHJR,120,4
A2MLCC7INJDUPI,121,5
A1479ANRVVH4JZ,123,5
AVXSZGSKWK5XJ,123,5
A3V32WYWUGVL8D,124,5
AKMTYY9A3PJTG,124,4
A2HLP1ISDBCW0D,125,3
A295IH3P4X1BEM,125,5
A2J11P8HJS8CZ5,125,1
A2B6TJHZ4G3N72,125,5
A1NUQE4PLH2U8R,125,1
ATVPDKIKX0DER,127,5
A2ZNFNQFHKM5HA,127,5
AZ58DP4YVFURI,127,4
A1E4XN50F15VGX,127,5
A2L8QCP0MGNRKN,127,5
AFVQZQ8PW0L,128,4
A28GEIVP5KQMZU,128,4
A3N3SGNV4BJ7GW,128,4
A5A2QE6NECFR5,128,5
ACXE6PL84CF26,128,4
A3AQYQRVV4VI45,129,4
A32WBLWNH08XQH,129,3
A261ZD4U2AMDV6,130,5
A3VKIBW8STDPVO,130,5
A35YUZHO8KCN0D,130,5
A17NFLRFTMYXF5,130,5
A1C9EBK9E17MT2,130,5
A2SBGTE825H1N3,130,4
A2G90J4PELWGMN,130,3
A93ZSJWZ4375R,130,5
A16J9NRZGKI4CX,130,5
A2X17T7V0J3ZSX,130,5
A14AFQJCUQ2YOY,130,5
A19MWJDESYCDDL,130,5
AX4QSAOEUQKDJ,130,5
A23S5PY9YFH6WW,130,5
A2RVM746EFUG9N,130,5
A3VZH0PWLQ9BB1,130,4
AGLHUZX7082J9,130,5
A2H27QB13MDOLB,130,5
A1AYJGVOUJ3F8R,130,1
A1AYJGVOUJ3F8R,130,1
A1YVM2DKYZ4VH3,130,5
A2J47PMROCUUDL,130,5
A2264IISM7CF9K,130,1
A2WYEPOLH5WJAW,130,1
A3C5SYH87PE410,130,5
A2LL3KMXB17PQP,130,4
A1SV8A27IHC84V,130,5
A26WXTH973TMED,130,1
A3PQUGOM0LZQE5,130,5
A1Q7LOSH7F9SLY,130,5
AXUDN1GS5FMX6,130,5
A13GIDVTNZQYHS,130,5
A2PPAKUDLT1TNV,130,4
A2YC3FMYXPCZX5,130,5
A36LC3T9HND7J5,130,5
AQZMR5P5KT1PD,130,5
A18Y9IUCSUWZ6Z,130,5
A19O103MOTG4GU,130,5
A2F2HC4SON3T3M,130,5
A2KDQUEX1OVP16,130,5
A2RCUY45M5NXHI,130,5
A2Y15RV8JQ36H4,130,5
A9NTFLCO86BG3,130,1
AMI5HQLIZOFNO,130,1
A1OQEIVYNB4HEB,130,5
ALD4BE1YX8TWJ,130,5
A1977ZR4KQYZ4J,130,1
A25LH99UQLU005,130,4
ASTHQK8EHZNYY,130,5
A11OJNXZXGGZWS,130,1
A1GC9A61EUU5JZ,130,5
A3DWSRQCMSPEZX,130,5
A39H7RZV22XZWL,130,4
A9DUAI4WD829V,130,3
AIGS5EP98HZLF,130,5
ALF4Q2D48UDNG,130,5
A2LC2KGT1NZT7X,130,4
A2TLYO1RCUKKWN,130,5
A1LZ8HS03KJKAR,130,5
A2ZIYCQPC9BYYS,130,5
A37IH65E7CTXRS,130,3
A1KC7TWIWI6E98,130,5
A3QGACK8XCAU76,130,1
A4D8YRNM690DR,130,4
A8LYD9SVRMQI4,130,5
AON1CLMNAVHDW,130,3
AVH3MXOYD11JB,130,4
A14FXEKB1PXTZG,130,4
A25RLT1ZTX5LA9,130,5
AO78D0XI4M1BQ,130,3
A359ZF3AWW757X,130,5
A3QR2NYTYLWTZU,130,4
AL4DLY84KLAZ5,130,4
A1TZL95786LUUU,130,5
A1FZB05IV6YIX1,130,3
A34C5ZVS1MXRQ6,130,5
AOZMZTO270XVJ,130,4
A147IH525MKZIU,130,3
A1DGVW6CBJJJB7,130,5
A3O8N0G2TN1PTL,130,4
A3OOE7Y3NWF5AS,130,5
A3XY0WDN84FPN,130,4
ACVSK1RZFBXNP,130,5
AHS9XRBUL9RKE,130,5
A21MAPCHAIYD6D,130,4
A3QVIKK5QBMLYT,130,5
AQSVHEJJREXR9,130,5
AR1AE3HSCR1TM,130,3
A37RX5DO51B67N,130,3
A37RX5DO51B67N,130,3
A3JT1HUAVP5UEG,130,5
A6H2NB8LN37IC,130,5
A36AJXR4DZANRV,130,5
A3CV9ZFZIGI7AI,130,4
ACBG1IRW9DXXX,130,3
A7RN5J3MCIUSG,130,5
A28NBHENBQYZNR,130,5
A9LIET7K21PAO,130,3
A9LIET7K21PAO,130,3
A2EFRB3MYA036U,130,4
A6TZUZN5CQ1G4,130,5
A1E1KVAGZ8AHJN,130,4
A5WDGX4L8NATQ,130,5
A1KECKH4ZAZUJ0,130,5
A37ZFAUTN62HMW,130,5
A1VQ8U4YFPWCL3,130,3
A3Q3OWCVCQIWPL,130,4
A1RYGWAV1YM3NH,130,5
A25QRI9FLVJCV9,130,1
A2CKKLTDWECUVB,130,2
AB8J1LJTCJ8LI,130,4
AZWF64HVI67SI,130,1
A31PR6BU52U672,130,1
A3MT5NGIYWR7FC,130,1
AL2XHR858K01X,130,1
ALPNGTFS4HZLT,130,1
A2VD3CYOEMJ6SR,130,5
A3M5J8ZKGQZ7WG,130,3
ADT3W06XAVA2Q,130,2
A19489DXZMWIR6,130,1
A27M94VLNMBYGE,130,4
A2SHQJP6PNQTLD,130,4
ACO9ML21HF1PK,130,5
A1AT5567NCNZBP,130,5
A2FI1YJ0OPSXDM,130,3
A2IB8VZIMZ9RTX,130,4
A3J01EVIXF28EI,130,5
A2IFUQ3D0O23GZ,130,1
ABAKBPL9NBBL9,130,3
ADIX0Y3NWIXQN,130,1
ADIX0Y3NWIXQN,130,3
A10KKJMBY5L7TK,130,5
AVZSWIU0GKXAL,130,1
A1NU3SOPN6RZ0O,130,1
A1CR3OQT9V8TIZ,130,4
A3AY9OT5NG38O0,130,2
AEFASN8Y3LXYR,130,4
AND61OVK62ASC,130,5
A1VXG4DELT37C,130,5
A16A5UXO69SQR9,130,3
A2VR4R75AKAXMI,130,2
A3AY9OT5NG38O0,130,2
A2VDQIOXO5XN6V,130,4
A1JH08TVX459RJ,130,4
A30LU1XWZVD6T0,130,5
AAD2DYRK43BYF,130,3
A1AT5567NCNZBP,130,5
A3PV2NKOMHJ25V,130,3
A34GUOW208SN7R,130,5
A1HSGWY5Z1LNL5,130,5
A1VAEFULPS85HY,130,1
A1JBOD93UYVQ2Z,130,1
A28QK9PW2II1DX,130,3
A1AEQ14WB2DE07,130,4
A374LQPX7FX24A,130,5
A258H69QKP20MI,130,4
AYJ9K9C6DYF4X,130,1
AMWSZ61FILX2J,130,3
AYZWHGN8ZJV90,130,5
A1VLRZG82TNULU,130,1
A1XX37HBK45UG8,130,3
A23DXQH64FG740,130,3
A25KZOTETYI7M2,130,2
A27M5GHD1PEV0L,130,1
A2TYXGZ2NQQ6NS,130,4
A12OJ89P11D2PY,130,1
A2VJGTEOA4PPS1,130,5
A3730CCKUF9FYO,130,4
A28XXKPW9XFFS5,130,3
A17FSYD2C8PMCK,130,3
A2MZT5KVI2RYBA,130,5
A2FMUVHRO76A32,130,5
A8VDP6G8HI9ZZ,130,3
A33Q65IVLH2KTV,130,5
A788V1MC6N3SM,130,3
A1KOJO4E89ASOY,130,4
A18AYRYL1TY8VP,130,1
AR2DE47VCY1C8,130,3
A2JTFKBSL19ZBG,130,5
A19TJOP0YJP7XX,130,5
A10PWU5VVQZT69,130,1
A3A37806WVIIPC,130,2
A1OQ4TY7HWKEJO,130,4
ADJKMC7AO7YN3,130,4
A1U35RFNJ9QVS2,130,5
A30CA4PXRONTV6,130,5
A3KP0DG6TG8HMA,130,1
A312RBQOWDZT1N,130,5
AKAVNN396U4AO,130,5
AU7O296O6PXZM,130,5
A97B72F4UI8FA,130,3
A19681JIWB4NVU,130,5
AX8SWWB9837TA,130,3
A16CLLURGJQEBW,130,5
A33872WCAUCJ60,130,4
A2ELSMRD95DV62,130,5
A7J6608RPPC7T,130,4
A3T7BNMUVYNKKJ,130,1
A8DJ9EU2QP2JM,130,3
A3KXNV4LAY2BCE,130,4
AF26PGC17Y15H,130,5
A1D3G543ACN09N,130,4
A1P9NQ0XUE44S9,130,5
A3MQG6EOD6NTB6,130,5
A3OSMR178C7K0J,130,4
A1CQ2HLYNVE7TB,130,1
A5TYSNLKYJQKO,130,4
A1P28X1K7HMKDD,130,4
A3OBO7JG3NBGBC,130,5
A3UDU0OBWPSST4,130,4
A3TJ4ZMOEC622K,130,4
A1MG93B9L0QTQA,130,3
A37TS34DIXB9XE,130,4
ATVPDKIKX0DER,130,4
A2YYAD2GRHGSUZ,130,4
A2YYAD2GRHGSUZ,130,4
ATNR1XILUIQWG,130,5
A1S8AJIUIO6M9K,130,5
AHBL5QPZ6IMG7,130,5
ALWNRIXMP5OQQ,130,4
A1BEGWJF5BXS9R,130,5
A1EXCLR2V2W20O,130,5
A24Q4USIX92O2I,130,5
A2MLWA0FHGGZ2B,130,5
A2MFH7EB3GIHJU,130,2
A1Q485CSMEL4C3,130,4
AG1Y99719GOZM,130,1
A37PIZRG4KMACF,130,5
A2DN39ZKL7G5OB,130,5
A3LZO6UFOAE0JU,130,4
A14FP4MOJX1ZED,130,4
A2HM0BZWQRV1EF,130,5
A39AKB7OM66L44,130,5
A18B7LX6XVBLHB,130,5
A1F7OE54NP3590,130,3
A3O3Z5CAFOANEH,130,5
A31TGEZPQX8DRW,130,5
A3J43V14O3XYTF,130,2
ATD8JHEGE2QH1,130,2
A1XHVGMG1W9ZZ4,130,2
A3KRZDWHU4AYQA,130,3
A2SQNNDHJQPELD,130,1
A4UKBG3M5U5TI,130,1
AQGVQZFIPXM0A,130,3
AF8VAQ182U0TH,130,5
A37BASUCZG1WC9,130,3
A37BASUCZG1WC9,130,3
A37BASUCZG1WC9,130,3
A3M5AW697S0ETO,130,4
A1TDS30AV0XXIV,130,5
A3FA90E7KX99JK,130,5
A3FA90E7KX99JK,130,5
A3FA90E7KX99JK,130,5
A3FA90E7KX99JK,130,5
A3SN6CV1BZDEAG,130,5
AKM7QZFYVL9RO,130,4
A2SCG0GPCMSAM7,130,2
A3UCJD17GS387I,130,4
A31H9TAGAYWPE,130,5
A16EAJTQ59LK8Z,130,4
ABLYM6JYS9QZY,130,1
A1T5MSCRLWDQSM,130,1
A15NS9ERV7LT7A,130,5
A38U2K6FQS3PFP,130,4
A1MA2QPT1SDC7E,130,5
A21GAP3G8F1KX0,130,4
A27AUK4UJM51Q3,130,5
A2LYKA4P4FBIT1,130,5
A3M97WKI0FP3JF,130,4
A1GW8HMGQRBSDR,130,3
A1S7DVSAXTTQ1J,130,4
A1AH4O9HJT1QOW,130,5
A1KAQJKIE6RN6E,130,4
ARC0ED938RZ1G,130,1
A3EECJDG0MQT4K,130,5
A3MNAXB4MA5WLQ,130,4
A3SQNNYRLUJNZC,130,5
AZPCELP6EEOJY,130,4
A29CH04KO0R5SB,130,3
A2WY0KNU0Y7IGD,130,5
A3G6GYAO9L350N,130,3
A1SVXJZ3386U2D,130,4
A13V7UZ88E32AA,130,3
A1CVJM0DYW466L,130,1
A4GF6KES1W784,130,4
A1I1VV5S3OQ8DU,130,4
A2CDQ3SL023G5B,130,4
A2IFPL69GGM2X6,130,5
A1XNEPN2QWW315,130,2
A2W3A90MPQ3G1K,130,5
A5ZVJ9A6H1YL1,130,5
AI37YX1U4KB1L,130,5
A2P3FGGUOC5VPL,130,4
A3DWUM6SN3N3NR,130,2
A25HAY8G70FV1L,130,5
A23VGBG17K5NJ3,130,4
A3UUQV0RTCVZY,130,5
A25KO3P0GFYOSR,130,4
A1UXI4MD2ZEBKV,130,1
AJUDAZVU7UMJC,130,4
A2GRGARILE6MHY,130,1
A28LAL88027HR2,130,5
A7AS0047YHI2F,130,5
A7YI4WMW84DCM,130,3
A9XMLR75X2578,130,5
A31IO6HNFMRNDS,130,5
A27X1H7TLCZQM4,130,1
A2IV1BPPITOG9O,130,2
A1VC9SQ2S9TI72,130,4
A3GCGA8IJM7V5G,130,3
A2RBIXKRMHSWU2,130,1
A13TDOTXH9AUNL,130,4
A2GDRJ3ITF2ABN,130,3
A2IHJ26C98ZT05,130,1
A1O7R3IZA0UYGW,130,4
A1T67L0PLD67S9,130,1
AIBRTGBN07D6A,130,1
A2UF3PTY6F5PIW,130,1
A2GAP7XWBZU8QI,130,5
A3D88V34AUJ58M,130,4
A2A11XGEPIP6DT,130,5
AM933D5G9SWSV,130,3
A3DK938OOGU4QX,130,1
A1YPD3ODS5ETJY,130,5
A27LDLA2LD4UV1,130,2
A1K8X9NTNEM5GD,130,2
A2KY32I7UMVWUT,130,5
A13TO1ZFAH9SVN,130,5
AF8XXTXR6MNL4,130,1
A1IVXGVAEDBGVZ,130,5
A1BXIPOK7N0YK2,130,4
A3NUUS0JSTBTNL,130,1
A2S18BY2R3B64J,130,5
A2JIUM7J2UFI5Q,130,1
ANHVME1LHKLDO,130,4
ADMBHKXQ3W2FU,130,4
ADMBHKXQ3W2FU,130,4
A1DO47J3NFP6AB,130,4
A2GAP7XWBZU8QI,130,5
A15ZZDKRKP7L4R,130,1
AU7V9VXI4U2KC,130,5
A1WHU3SARW0PJ8,130,1
A1B5Q12S41M8VU,130,1
A1DK16TQFNB1J,130,1
A3NEEB3FDLEB83,130,1
A1XWMR17GR0BQ6,130,5
A247H45I9O6OBX,130,3
A2NT4F8YMNBMJ7,130,1
A34SFR01Z8FVQR,130,1
A2ERNKKZ1HF26Y,130,5
A24NXKI670BSW4,130,3
A1EMDSTJDUE6B0,130,5
A1VJ31QYC8EO9Z,130,1
A1MTD7WBQSEO1B,130,5
A30MPHQ95AUHO6,130,1
A1F2MIPQVYMH9D,130,1
A318LPKIZDXELS,130,1
A8PUQXJJXZS3U,130,1
A26VEHONN8RKJ3,130,2
A18OBUSMXVE8R0,130,5
A1W8SJE87EEYJ8,130,5
A30HZDQBWGS5E7,130,3
A39L3YUKKZAIUJ,130,5
A2VN986E5KR1NV,130,4
AKK59JEJOKOUX,130,1
A25ACLV5KPB4W,130,1
A34BPJBD1YYMM9,130,4
A30R199VCZKE4Q,130,1
AXVGF36SUUT6T,130,1
A16YCLRKOU0EV3,130,5
AL339TZFO5CNL,130,1
A277XEYHGUTZUF,130,1
A2V15SR9GQ50SG,130,1
A2LGJ1FDFEOYFW,130,1
A161ANWB62G3M8,130,1
A2Y7HMB9NX5MD9,131,5
A1F55WVKQTOWLK,131,5
A1TJEQUKGD0H40,131,5
ADE1QASQ2C0Y3,132,5
A3HDQEB2AQ0PGD,133,4
A3U0UAPQGS78LI,134,5
A14OJS0VWMOSWO,135,5
A33ZIY3EDM8K5B,136,5
A1KYTJLD2NQOJY,136,5
A3IHI7DVY4XODV,136,5
A2803OZNW9C1HJ,136,5
A1BMHQKMGVTSXE,136,1
A1R8CW99DG0RZN,136,4
A301MOIJ80LKVT,136,5
A2MFNDNS1L7D16,136,3
AZ4ESAJ3Y5ARA,136,4
A3M8RGA93G8V4Y,136,2
A3HVMEADHO50BC,136,1
A1V2ZRB9CX7VO9,136,4
AYJTECNZBYTYO,136,5
A2B4HDQDM0OHA8,136,3
A3N1A4H9B9V7SG,137,5
A3NPKI1WLA0KNR,137,5
A1JC7TZQF22RN0,137,5
A3TWNT6MX9Z1G6,137,5
A1FL8L6HGVBNU1,138,5
A212CK1T2VLB1G,138,5
A2ZP4BVJ6LPYRD,138,4
A1DFPPQA9PDFC9,138,5
AFLIKKHNMD7EL,138,3
A2A1JE5NZLO2XO,138,2
A2WL1OCAELLB06,138,5
A2KUD4DW0KKNQD,138,5
A18KO9PXDAM9G6,138,5
A1BU9URWNOZ7S,138,2
A103U0Q3IKSXHE,139,3
A2RO3YWT6JPMGD,140,1
AIFKJBDR42AM4,140,4
A3OKST7O5TKYK8,140,3
A1M2F4CHJ4L5UN,140,5
A3UMVX4L3UX1HT,140,4
ATVPDKIKX0DER,141,5
A331SWKETANFZS,141,2
A1DEFU43XTH0YL,141,4
A25578I9ESFRF3,141,2
ABNBF6TJFRFTB,141,3
A3K6YF0WNVCVIJ,141,1
ANSEYZBFAH5BY,141,1
ANSEYZBFAH5BY,141,1
AGGT9OCVVREWW,141,1
A6329UKZTC8EB,141,1
ATVPDKIKX0DER,142,5
ATVPDKIKX0DER,142,4
A3UN6WX5RRO2AG,142,5
A23US54A0OILE4,143,4
A30B5VD6SC5GNX,143,3
A1F1INKGAMIC1T,145,5
AJBCSINUZFX3O,145,5
A125DSTEJTQ0MK,146,4
A1BM29HHMCU3ME,147,5
A2G6L15JMLVMP,147,4
ADRIZ2302JX1Q,147,5
A3SYHALCWZ8GOA,147,5
AWOGPRJDTMZND,147,5
A2OE9XXW6PDEAW,147,5
A1PX1JRYP9G6DG,147,5
A3PMX6ICVVT2G7,147,5
A3PMX6ICVVT2G7,147,5
A1QHT4FS6DIQ9D,147,2
ACPSFWFXKYHY3,147,5
A28LLCP583C8LD,147,5
A315AN9OSRSKBU,147,3
AYIX0HQP2IWNO,147,3
A1V5WJDCKUZPBE,147,5
A17IJXWNAX6PIR,147,5
A3AIIBXOIZ3J2O,147,5
A3AKKTRPZ71TBO,147,5
A227CKIQLIBNXE,148,5
ATVPDKIKX0DER,148,4
ATVPDKIKX0DER,148,2
ATVPDKIKX0DER,148,4
A2K7C8N2RLPC8A,148,5
ATVPDKIKX0DER,148,2
ATVPDKIKX0DER,148,5
ATVPDKIKX0DER,148,3
ATVPDKIKX0DER,148,4
ATVPDKIKX0DER,148,3
A3MEFG5DQYVXLR,148,3
A1SS7SL9QDSQ9Q,148,5
ATVPDKIKX0DER,148,5
ATVPDKIKX0DER,148,5
ARBYE9RN5KRVZ,148,5
A33TYV9UXCYDJ7,148,5
ATVPDKIKX0DER,148,4
ATVPDKIKX0DER,148,5
A3UQG1PX8AP0FG,148,5
AT9G0UDNCQI78,148,5
A10NKGSD41XDIW,148,5
A36CI9LLL400DU,148,5
A34V6AVHPJOTWL,148,5
AICMUZWCPFI2X,148,4
A2YY83QJBQMZBA,148,5
A1XSKZN07IG780,148,5
A2A5J0JB3Q69UH,148,1
AB1XPC526AK2P,148,5
A1KAUFWG85KHVF,148,5
A2LZNOUBABJX54,148,5
A2TG4QNFYB9ZYC,148,4
ADWJX40T5Q101,148,3
A2IT6KHC82I50H,148,5
A3C0QBITNIF09C,148,5
A292V7PUZFNK0P,148,4
ACZXG7T4UGSLF,148,4
A3BB7DN7TMPR8Q,148,3
A2SLVC3BGZFYNE,148,5
ADLN37B0153N,148,3
A22ZZQFAYIZ9SR,148,4
A3I0D9ZPEJ9JX4,148,4
A3CZEXBX54HYWN,148,5
A37WY3YLWPZ8UD,151,3
A2LJWJ3KWO02OV,151,4
A9N8NYT142U8C,151,1
A1DMYUSXX77JEW,151,3
A2NJO6YE954DBH,151,4
A347U0NEORT4EC,151,4
A2YQ2BJEVSLOMZ,151,2
A2D05D1GAYQQXQ,151,2
A1YIWDKM1292L4,151,2
A18EUFJ763H6N9,151,4
AOK51PED51KHN,151,4
AYPCUQS6ARWFH,151,3
A1MCMV356IIT3Z,151,1
AN982MW1XZZ18,153,5
AKSBSMY73G9ZQ,153,4
A1NSHNJV55TROC,153,1
A1RNOAJEUH1NIG,153,5
A3UN6WX5RRO2AG,153,5
A3UN6WX5RRO2AG,153,5
A51OGQYP6GOGJ,153,5
A10ZSEZWC69D5S,153,2
A2GV043ITOKSVH,154,2
A1C23L9FU3UQPQ,154,5
ATVPDKIKX0DER,154,5
ATVPDKIKX0DER,154,5
ATVPDKIKX0DER,154,4
ATVPDKIKX0DER,154,5
ATVPDKIKX0DER,154,5
A2HR0DJG4WMR8R,154,5
A1HBYJR5U99HWG,154,3
AOQ7E3S35WZKJ,154,4
ATVPDKIKX0DER,154,5
ATVPDKIKX0DER,154,5
A2Q1CP5QIKB5Y7,154,5
AOQ7E3S35WZKJ,154,4
ALJMYYRC6NB9T,154,5
AKOP4CSETDIE,154,4
A2HR1Y2FK5KTWM,154,3
A3UN6WX5RRO2AG,154,1
AOF23BWVEZCWI,154,4
A1NY0SRPBPJWCV,154,3
AGYUPXX65WA22,154,5
A30KEXFT9SILL6,154,2
A1NRWDVNIWU2RB,156,1
AO10N8MC0BNLY,156,4
A1W65G8E6JZ61P,156,5
AKAA6NBTJ0I3J,157,5
A2RRUVAX9A5EFK,158,1
A28FR69LXII2UN,158,5
A2V9I5O33XZTO,158,2
A3ONXX4Z5D1F2V,158,3
A3K7WDRNIMB49W,160,5
A7A6OPKV8DDGT,160,4
ATVPDKIKX0DER,160,5
A148XTAANYLCFN,160,3
AC1K4OQOZ90RS,160,3
ATVPDKIKX0DER,160,4
ATVPDKIKX0DER,160,4
A3896ZW4EEL028,160,4
ATVPDKIKX0DER,160,4
ALU15SI9O9CLK,160,3
AMUGEC7UDYN13,160,4
A1N1YEMTI9DJ86,160,4
A1VT9MCF11KPW5,160,4
A2CKYGF42TK8W5,160,3
A3F166BM23PXAC,160,5
A2M1J1M4U3IE9J,160,5
A7SSCDSCM4PXF,160,5
A317DA6A3ZTF33,160,5
A3VPMKQVXFAL1V,160,3
A59M2EN35OXKZ,160,2
AHGL57UO0NQ1F,160,5
A2P054QSRN211F,160,1
A2RPIGO3G4M6GN,160,5
AYHMK7EC24YDY,161,5
AMHJE1LIZDBAR,162,5
AOUKRECWP828A,162,5
ARXVLXFMV5PRU,162,5
A128LCA6EPMH7J,162,4
A356GBWE01HGF7,162,5
A3RINLIDX74QLP,162,5
A12MQO0E28TQ4T,163,5
A1FJBEHYRA3D4F,163,1
A29NH8ZNEBGOO4,164,5
A2UIM52B53WUSB,164,5
A1QH8NBMNDLGEO,164,4
A3GSVN76XWHYXG,164,5
A3FGDA6L9LGEUD,164,1
A1KOZGUUA0JGRY,164,1
ATVPDKIKX0DER,164,1
AT6M605B9PMQL,164,5
A2470JHVIEK6ZM,164,3
A2OET1MZRCJ05G,164,5
A1Y3P4BH5ZT7TG,164,4
AVJY5XSQU57Q8,164,2
AU6EJ8N712EQC,165,4
A2VJYVBN5323K1,165,4
A2N4XWMYU0U8FW,165,5
A3D2VIUT2HWP0Z,165,5
A3K2R07DE89I2L,166,5
AU0NHJACXFMW9,166,5
A1OS770Y07VM8B,166,4
APKNOEE5V7S6P,166,5
A2PQHF0N7Q6R2R,166,5
A3RZ20VU2U7DQI,166,4
A3RVPDV1WYS1EK,166,5
A3RVPDV1WYS1EK,166,5
A3UMNJ1WCH406D,166,5
A26Z8MYDUO8YPJ,166,2
A2LYZ9P93B1DCV,166,2
AP58PMNBAZ0HL,166,4
A3AXKD1YISP7JJ,166,3
A1SVSPWWR71WYM,167,4
A12MOYPCEJUGW6,167,3
A3H651MIITKEVX,167,5
A12NDI41W7EIIH,167,1
ACBHM53B03WZH,168,4
A1K22WNUPTSLZB,169,4
A11PCFGPDPVRCK,169,3
A3UN6WX5RRO2AG,169,5
A15MYKZ8RU3WUF,170,5
A3EKH6QGAMSUN8,170,5
A2KNS6FN9Y63JQ,170,5
A2BA9B6ZH1M66V,170,5
A37Y8G7IF96PDH,170,5
A39QXHD24VMQFA,170,5
A2VC881UIUMDIM,170,5
A1IHIADNDP0I9A,170,5
ATVPDKIKX0DER,172,5
ATVPDKIKX0DER,172,5
ATVPDKIKX0DER,172,5
A1SK8M4DWBM04M,172,4
AWX57K3KI3B7K,172,5
A1CAYKWDQIHT2U,172,3
A2IN0BE2VXMXJ9,172,5
A2WZON0QPX7C9X,172,5
A3UN6WX5RRO2AG,172,4
A3JUXUR8NYHGML,172,5
A3MMX0D8RQ26FE,172,4
A28JIARB2LMYCF,172,3
AD8SRCRULI8HF,172,5
AP2MO1FYSPTI1,172,4
APEB9CG8KSYM0,173,4
A39FETL3PAXAS9,173,4
A26MUE0DN780SN,174,5
A3BDC0UK5W3D0O,174,4
ATVPDKIKX0DER,176,3
A1MD4HVSMEQ4O8,176,5
A8Q7TQR7X9BM3,176,5
ATVPDKIKX0DER,176,4
A2WO7XFSRLK2TV,176,5
A28RXZ72BE0UQC,176,5
A3LRW4BQ7MSRBQ,176,5
AE3Y35ICZYY2A,176,5
A7Y6AVS576M03,176,5
ATVPDKIKX0DER,176,5
A37UPPF989N4EB,176,5
A2KO9BQW3MPIVT,176,5
A3GQKB1KF0CRPE,176,5
A29COAL60SB48B,176,5
A20EEWWSFMZ1PN,176,5
AX7QWIBD9YVV8,177,5
AX7QWIBD9YVV8,177,5
A3JPBL5OJKG0VQ,177,4
ALRIYYV5W8965,177,5
ATL3Z2KHA3O9K,177,5
A1EMC4TJJVAHEX,177,4
A10L98R8IF760S,177,5
A121KILIQOOR26,177,4
A365GNCBL4JP6H,178,5
ATVPDKIKX0DER,178,5
A16F98Q7HQYANV,178,5
A30S8W045J6PNR,178,5
A1Q1KEOAI1TUIU,178,5
A37W0TKQ3HW3HL,179,5
AYO74WPH3B6NS,179,4
A375OT7C8ZJCNU,179,1
A375OT7C8ZJCNU,179,1
A14V94PXMUI7Z1,179,5
ATVPDKIKX0DER,179,5
A125PQE515J3JZ,179,3
A2JRDOWO0MKNNT,179,1
A2W00XKTTF1G0Z,179,4
A14W8MF7SJWC4X,179,5
A1SEE3N1HSRJGP,179,1
AOK51PED51KHN,179,4
A14VJRWHDR5IUZ,179,5
A3JRYY4UJIF8WW,180,5
A2VE83MZF98ITY,181,4
A2SR37OYFOB5C7,182,1
AYR01NP1LAY1I,182,1
AC96OOATCXSIR,182,1
ATVPDKIKX0DER,182,1
A2O36MVJBTTX7,182,1
A375OT7C8ZJCNU,182,1
A375OT7C8ZJCNU,182,1
AOUVCY8QPJLR1,182,3
A34XGN6Q0E7IX5,182,5
A5DYTKIFTO8KQ,182,1
A2QC555G2AMLFU,182,2
A2YQ2BJEVSLOMZ,182,1
AQDTEJS8YD219,182,1
A2PAKB0NYQLCSG,182,1
A1DJK8RV3PZKN5,182,1
A2V6OHS0N6NAJY,185,5
A2R280Z0XMB8R4,185,5
A2MQ8WRLHF3FHV,185,2
A12VLDRXARVSGN,185,4
A3BMBPRXL4X2QS,185,5
A2PQTTT1Q6T9SK,185,4
A3JHKYB8MFFCBL,185,4
AM3XXUA0H8P46,185,5
A351EOM8SNSCQL,185,5
A3GNG846G4EJX3,185,3
AGQ4EJXFVD64R,185,3
A28IPJIS15PCS9,185,5
ASX4F2WQTOIHL,185,2
A2MDOHH5TMP9UJ,185,4
AFGKBMQYD3PT5,185,1
ACVOFTEH7XUOD,185,2
A30KJYNNDBU08Z,185,4
A16S0CNPC88RXH,185,5
A1IMB8FTTTJN12,185,5
A2T47C5XF9FQI7,185,4
A2E156T53WXQWN,185,4
A1NATT3PN24QWY,185,4
A2HSTHSBTIFVJ3,185,2
A3IRPZD2X1TXJO,185,5
A3AUECYM0M0YSX,185,2
A1QC7EJTUMSHV8,185,5
AD6H85FGHPWOJ,185,5
A108OXPJU0I81K,185,2
A3HF9IHNXC21V5,185,1
A3JDVXY91NLB8T,185,4
A3FBU2QDUN0KFQ,185,4
A3P8Q09ROSC8Q8,185,5
A2TLN1WPFTHY24,185,1
A1QO76RZO5FHMG,185,4
A1LECWK5GJGGNL,185,2
A1NATT3PN24QWY,185,4
A1PMBVCL8L0S4E,185,4
A2GELJZYV4E8OU,185,3
A1NSJ57FDW3INK,185,4
ABWK70URPXPIP,185,1
ABWK70URPXPIP,185,1
A3SZBWW8NOO2J3,185,2
A2P8T9V9EOJ8Z5,185,1
A1I8C7AR5TR3IE,185,4
A5OG3GT47UU6K,185,1
A17MS6UZODFZIW,186,5
A120K3006EAT4R,186,5
A2A88K5PZWF3YW,186,5
A25T4LT9P4HLFP,186,5
A6DCM4VWDOBB0,186,1
A2RKFAU9957TZ6,186,4
A3SLPK1ONDMPGM,186,5
A38HE3WVG1E3EG,186,5
ATVPDKIKX0DER,187,5
A2Q4PGWWFXA696,187,5
A1U564XCB1SSYC,187,4
A1CQAPYCO1VOIV,187,5
ATVPDKIKX0DER,190,5
AI02P2C07ONOD,190,5
ATVPDKIKX0DER,190,5
ATVPDKIKX0DER,190,5
A18QCG06NAI87V,190,5
A2CZPM110DW516,190,3
AGW055CRJ7TH6,190,5
ARO3XRYBWVQIB,190,5
A25BV31NWIDVR0,190,5
A2RVLYRLSVPKL5,190,5
A3BMFU3LCNC9MX,190,5
A3JHQY01OLSLZR,190,2
A2USVHVMB9KNEB,190,3
A3FB39G3GFT1D9,190,1
A3WJECGJEO5PL,190,3
A1R73287A5YOUZ,190,4
A3R6M4Z7WD6BVH,190,3
A3KF4IP2MUS8QQ,190,5
AQ8DU6XVA3USJ,190,5
A14OJS0VWMOSWO,191,5
A2808L4U2O6WFL,193,4
A23LFXYXAS77IS,193,4
A1TULDWUIQ9KQH,193,3
A29ZQ8726YVC4X,193,4
A319KYEIAZ3SON,193,4
A2U155JNVBJJDK,193,3
AY0BROOCZRZ1,193,1
A99D2BJMRSE9E,193,3
AQGISDG8KML8W,193,4
A19MLEHXMXNVWK,193,4
AP1KTVL9XXZPF,193,5
A1OL4KPWG2794I,193,2
A1EMSE5MBTZDI0,193,4
A1VQEAFW83OTG9,193,3
AJLWD5ED3VFT0,193,4
A3KOB9WR5LOIWO,193,4
A4R8GJX3UZ1I,193,4
A3RKP5OZBYHWA4,193,1
A3IMO4A0HKQ1M6,193,1
A2OJQNEWTOX9FN,193,2
AYT4FJYVCHYLE,193,2
AMWJXQK82AZ5S,193,4
A2J0OTKXURKYSQ,193,5
A1TJPMB7N776WS,193,3
A1X010XRX7MEMG,193,3
A2RMUH7O7PBYUL,193,3
A3UC4C6JLR2IC0,193,3
A2WSEDO5H8K4IG,193,2
A2U61TA68U810W,193,4
AYWIO6OYAGFGQ,193,3
A20BN5TQOYSB4P,193,3
A43HCOOORXMIY,193,1
A1LMAD3NFQS6JB,193,3
A2B9LAM5FEQBKU,193,4
A3LP89QQSS5IXZ,193,5
A34I1QG9D32KEW,193,3
AVL8Q6NJIH28G,193,5
A2PO2B9D7IVFXG,193,3
A35ADRDNE6LW4C,193,4
A31PR2CW4YL5J,193,3
A3B1FXA8SQ104U,193,4
A3BIFMT9SH4J48,193,5
A1TW8A17G6SK9G,193,3
A3KQ3838EZRJJD,193,3
A1TVGLUHS7UFNW,193,2
ATJHUC91QZ7P6,193,3
A2BFCGJ1HY7826,193,5
A2EHMNPCQRHR43,193,2
AYKYFFCC49HVT,193,3
A339Y6J6GJE6ZI,193,3
A3P4H48GYGTQVN,193,5
A73CNQ6K023RS,193,2
A23L5Q4UPEBGE5,193,5
A17QAS8K17V9EC,193,4
A12NYWT51R78O7,193,2
AVHBK2SJ6CJ1C,193,4
A16DETGOCUO9QX,193,1
ARYF8JUHY2S1X,193,4
AFVZXRENIPMG8,193,3
A2UV8IFKTXPMT9,193,1
A23DBGPYXLNR7U,193,2
A3EVPOB67GJGHE,193,1
AJU34GQ2FSE2S,193,1
A13TNK2OZX78PT,193,3
A2BW8ZI352D37P,193,4
A1F8GH7CR68P59,193,2
A1K1P5YLB62W46,193,4
AH1M9A3JTV7C3,193,4
A1OLP7BO0CY6YN,193,4
A1XHHQP47P0FU2,193,3
A3R3WSSEIC46KT,193,2
A60VFMOOQVWCM,193,3
A234V0XP3TCLR,193,2
A1MTVXPDSBKE60,193,2
A2YNYEW8SUB5B3,193,3
AEDM50YTJVHBS,193,1
AELSTEJJO90M7,193,4
A2WAGFNNS0GAGN,193,2
A3NX280N5AUEDY,193,5
AIL0H33IGIAS2,193,4
A1JYOLEHTOY2KV,193,4
AV9CTGUHSW1X2,193,3
A1DJZTQUVEPORY,193,2
A1NIEIENEWXCCQ,193,4
AVR6LQ4Y57VO9,193,4
AVR6LQ4Y57VO9,193,4
A241A47G2ULY7C,193,3
A39837HXPWMKSU,193,3
ATWVC3WQOZSFS,193,3
A5RMMDNX8FBFR,193,2
ALXSXFX2YEXTK,193,3
A2BNE8W19Q61DK,193,5
A2UEEPCZC8YXED,193,3
A19WX067EX7DBT,193,3
A19N3GRTJ0S8J8,193,4
A1JFCISQ904MQE,193,3
A12QX5VCTPUO61,193,2
A1UT01TU53Q5NV,193,5
A34974VMNZKRAT,193,3
A3D9VXSUDX8J36,193,4
AER29M11HQKOB,193,5
A1QLAZXG47SIJ4,193,1
A2FEOM8RKCBI7L,193,1
ATA59I9ERX99B,193,4
A10L0GH9RZ04GW,193,1
A2LSGO83D82U1,193,1
A2LSGO83D82U1,193,1
A2LSGO83D82U1,193,1
A2LSGO83D82U1,193,1
A34S92CYB783L5,193,5
AM66MDMCMTQZ3,193,4
A3R352SRU0BBZX,193,3
A254Y7H76E9Y54,193,4
A1WEMAXZ2VK3UH,193,4
A37R29SXGLW4JI,193,4
A1LIMYTAYEMK09,193,4
A2EHCCBJXCAF37,193,2
AHZ3OEGNJ00AW,193,2
AC1K4OQOZ90RS,193,3
A2N58IWHB1T0DA,193,5
AQVJKBGGFX39Z,193,2
AQVJKBGGFX39Z,193,2
A2P3IZPG7ZJH6B,193,3
ABS2OTS39F3NI,193,5
A3155V2C06XMV8,193,1
A1LW3K3P6MZ7NU,193,1
A3KYXZRGTUGTSU,193,5
A3O1VCUZ978692,193,3
A234LE43I0UJ1J,193,3
A34BGGS8OSWVJE,193,3
A227TY3FDIBI2Q,193,3
A2O4FOEWH1V9CZ,193,4
A309K9FZMC3BF4,193,4
A17LCI1WY5AUSE,193,5
A311NAIRZC7EGO,193,2
A2GUT9EBANA11A,193,3
A2MULCX9K5ODC4,193,3
A166XNE3G3EZAI,193,5
AV0OBG2SS1I1R,193,5
A1HS3AU1DBRKSG,193,3
A2CPYEKXM6F26M,193,3
A2YF4ZMECJVLK9,193,2
AP8AUHUUYL34A,193,5
ACY5PN4KN3UJN,193,3
A111BH1GN0D33Z,193,4
A2445ZZONR9A6B,193,3
A2D7J2K57YIC6C,193,4
AUM3YMZ0YRJE0,193,2
A2B21POKQ3N09H,193,3
A2EKMRM56D5WTW,193,5
A2EKMRM56D5WTW,193,5
AJAGOM31E0R6I,193,3
AU3RP4LY9HPEX,193,2
A3LRR0B28YOZDS,193,1
ACX4FY8BO9R5D,193,5
A1B9VX6MZ0MZ1T,193,3
A29EW6FITI2SS4,193,4
AHE0DZVN59W56,193,2
AAYLJWPI9P6SI,193,1
A1G9QM3PLG50LU,193,5
A1AFPFX1UHTZD5,193,4
ACEC23OGX0VTW,193,2
A2W70ER6LB5L3U,193,2
A1ZOF747O5EB6R,193,3
A2UEYWDSEXIDYA,193,3
AJ7XCZQUMME7N,193,1
AO6IXTEYP209K,193,5
A2YVFS9EKKLNR8,193,2
A17VXFEF21D1YS,193,5
A2F3M93RRLFQNJ,193,4
A225NQ2ZS9J5ZF,193,1
ACU61HYI0PF5V,193,1
A3MOHAYDKS7SG2,193,5
A251N8N4ZHKHDT,193,2
A35BGQJ1V5H409,193,3
A19FVRG6W5435W,193,3
A436JDUD35KT,193,1
A2AA9OI2YGZ09,193,1
A94PB6GKCZ1PI,193,5
A1TSPGBBZED0C6,193,4
A10GUAHLRU9ABH,193,3
A23A0VEFKCUZAX,193,5
A23A0VEFKCUZAX,193,5
A34B32YKXB6CVC,193,5
A2E18GZ2N3D8RX,193,3
A3NUM3JIE6II0F,193,5
A1PDIPZK2HIH5K,193,4
AZX4S8FYUPCQG,193,4
A1XNEPN2QWW315,193,2
A33DRAUBMF87QA,193,4
A1C5O3ZX6G0YNE,193,2
A22A8DR2ZS2DWM,193,1
A2QFX8XTIOLDH4,193,4
AUM4JHHSPWKQA,193,3
ATV7AIDH1W358,193,3
A3DUUGMLZAZOF7,193,1
A2IRYEO9UQ8AC5,193,3
A1VDK871O9N3JP,193,4
A3V7RG5GTWYCJA,193,2
A3L4PEMNQ4BFOQ,193,1
A1K1JW1C5CUSUZ,193,3
A2IU5OYWCX45KX,193,4
A37Q8E2PCOBFAQ,193,1
A3NPQAGH09TAJZ,193,1
A3M6TSEV71537G,193,2
AOGE8PM6KED3O,193,5
A2P3ZIBO1DPUAF,193,1
A1KSG3OEW9FTLR,193,3
A3BZBPY8207LSE,193,4
A169CK878MOZDS,193,1
A1RQDZNB8NENE6,193,1
A235GR60V9HOP9,193,2
A1R1P6PAMTSPSH,193,3
A33RUU3V8T4Q78,193,4
A17QPAKQVCORV3,193,5
A1V51M8M216Y69,193,4
A266CMRAZS21FY,193,4
A2Q13CYRTXBCA0,193,4
A2NBOL825B93OM,193,3
A38RSRNBPZ97TI,193,5
AY39Q49V4ZN2T,193,5
AJYJP943AQM9I,193,1
AK1NACH74SH7K,193,1
A2K95VJ4WNIWKP,193,3
A3AGHGO3U6H0LU,193,4
AZFN7VF1BT3ZV,193,3
ADX7JTZWXKB03,193,2
A2VZ11U5DXM8J5,193,4
A3AZANUSROD6FS,193,1
A3INEBUOIGMU29,193,1
A15F2LSM78TTTW,193,4
A28P34VB5AQPEY,193,4
ANVECLORUMMBF,193,3
A2FTURNOJ92E55,193,4
A1E4SHQAWEARPI,193,3
A2SS2XX80XCHQ3,193,2
ARZLKRJAUQT3B,193,1
A3PQD826RU7BL5,193,2
A2HFSQPH9D9TPX,193,5
A3EREZUA8JWPJC,193,3
A1PQQPGFI8NC48,193,3
A1EN3NEW6AH9XK,193,5
A3SJ2VSCHZB18,193,2
ATZE9SE3H9WH0,193,3
A2DRVBSJX6XI8E,193,4
A1WESYB9Z3KMJO,193,1
A2R5IVNNMWP47W,193,2
A2E7DU870J50NJ,193,5
A3F5NU9348IZ7V,193,5
A961UUYJIQLES,193,2
AB221JB91L6KT,193,4
A1ESLGNKS02M5J,193,5
A2QZQBINBG6B5N,193,5
A1MH4WA7A1QOE,193,4
A1L3TSBX8OU542,193,4
A360M5WCYGG34P,193,4
A4UMV07M1IL0,193,1
AH4A5GX0XY1SZ,193,4
AN3832EMG6TCF,193,5
AK2PX3D2RWNQD,193,4
AE1JXSK5J7NVJ,195,5
AE1JXSK5J7NVJ,195,5
AU01RY7IIYETN,195,5
A5PPGNBWCCKOC,195,2
A2ZV76KG8RR41K,195,3
AGHIV0V0ON7MO,198,5
ATVPDKIKX0DER,198,5
ATVPDKIKX0DER,198,5
A1OP0JWXV80Y8L,198,5
A3N8HBBKL9EOV3,198,5
AEFKXQG7JUJ4I,198,5
A3SV359AAJM7NE,198,5
A2X2SFQXYS8VIA,198,5
ABCE4OXCDHEQL,198,5
A2V3P1XE33NYC3,198,5
A3S2HNK6UG1A0S,198,5
A22F81TOC1R2J7,198,1
A1QFNC2C3JSJQ5,198,5
A2GZVNFW5RR4L,198,5
A3G0D2941E5WOI,198,3
A14PHG6QJ1DTG,198,5
A14PHG6QJ1DTG,198,5
AMWCBQJ9OSHJ1,198,5
A3DAOZAWVB0M6X,198,5
A1W0YH4F460D3P,198,5
A37T09DTRII8OT,198,5
A2ZEEFZ21TDXPE,198,5
A3MSB482DIB9SL,198,5
AVEQ3PD3CGLPN,198,5
AVEQ3PD3CGLPN,198,5
AVEQ3PD3CGLPN,198,5
A1EMDSTJDUE6B0,198,5
A2VYK77GNFJDMS,198,5
A3QQ1EB50KSEA5,198,4
A160BIBL5LM0P3,198,5
A3BHAYLDMPGEY0,198,5
A2FEGRJQNU51P9,198,4
A1P0ZB4YAA312R,198,3
A3KL90E2QHAQNH,198,5
A8VT5ZBWKAQF6,198,3
A3DF7LMEQOND63,198,4
A335EU66PEV0RL,198,5
A1BMKEJ61X57EU,198,5
AE33NF4RKFJFW,198,5
ATVPDKIKX0DER,199,4
ATVPDKIKX0DER,199,3
ATVPDKIKX0DER,199,5
A16GBNH1KBNT01,199,5
AX1UOA9O1527,199,5
A3BFC890M227T5,199,2
A39BCFAZ05RYPY,199,5
AJAF0UPHIAHTU,199,5
AFZ1AVK5AVTV1,200,5
A35Z7X1J1EX1GT,200,3
A1AI4VFVZ1FBY9,200,5
A1W0WYJGOBU8UW,200,5
A1OSL11537IYEC,200,5
A2PYMVVI12DRCR,200,1
A37PP403DI46MB,200,1
A2DT1TSV27XPRK,200,5
A15SIF0AUFDYRD,200,5
